groups,categories,value 1,value 2,value 3
group 1,A,61.0158803,25.903359,13.08076071
group 1,B,71.27703826,21.0180133,7.70494844
group 1,C,82.70203982,13.52731445,3.770645737
group 2,A,58.85721523,28.25939061,12.88339417
group 2,B,71.39695487,20.66010982,7.942935308
group 2,C,82.22389321,13.68924542,4.08686137